ID,contract,contractType,config_ID,config_tableName
cs184c3b-92c4-4bda-a6cf-aec221d71100,40005990,1,e2e3a60b-ea32-4d8c-8aff-048864dddace,CSO
cs184c3b-92c4-4bda-a6cf-aec221d71101,40008361,1,e2e3a60b-ea32-4d8c-8aff-048864dddace,CSO
cs184c3b-92c4-4bda-a6cf-aec221d71102,40000326,1,e2e3a60b-ea32-4d8c-8aff-048864dddace,CSO
cs184c3b-92c4-4bda-a6cf-aec221d71103,40000328,1,e2e3a60b-ea32-4d8c-8aff-048864dddace,CSO
cs184c3b-92c4-4bda-a6cf-aec221d71104,40006091,1,e2e3a60b-ea32-4d8c-8aff-048864dddace,CSO
cs184c3b-92c4-4bda-a6cf-aec221d71105,40000717,1,e2e3a60b-ea32-4d8c-8aff-048864dddace,CSO
cs184c3b-92c4-4bda-a6cf-aec221d71106,40000719,1,e2e3a60b-ea32-4d8c-8aff-048864dddace,CSO
cs184c3b-92c4-4bda-a6cf-aec221d71107,40003338,1,e2e3a60b-ea32-4d8c-8aff-048864dddace,CSO
cs184c3b-92c4-4bda-a6cf-aec221d71108,40003339,1,e2e3a60b-ea32-4d8c-8aff-048864dddace,CSO
cs184c3b-92c4-4bda-a6cf-aec221d71109,40003341,1,e2e3a60b-ea32-4d8c-8aff-048864dddace,CSO
cs184c3b-92c4-4bda-a6cf-aec221d71110,40003342,1,e2e3a60b-ea32-4d8c-8aff-048864dddace,CSO
cs184c3b-92c4-4bda-a6cf-aec221d71111,40008426,1,e2e3a60b-ea32-4d8c-8aff-048864dddace,CSO
cs184c3b-92c4-4bda-a6cf-aec221d71112,40008910,1,e2e3a60b-ea32-4d8c-8aff-048864dddace,CSO
cs184c3b-92c4-4bda-a6cf-aec221d71113,40008911,1,e2e3a60b-ea32-4d8c-8aff-048864dddace,CSO
cs184c3b-92c4-4bda-a6cf-aec221d71114,40008940,1,e2e3a60b-ea32-4d8c-8aff-048864dddace,CSO
cs184c3b-92c4-4bda-a6cf-aec221d71115,40008912,1,e2e3a60b-ea32-4d8c-8aff-048864dddace,CSO
cs184c3b-92c4-4bda-a6cf-aec221d71116,40008432,1,e2e3a60b-ea32-4d8c-8aff-048864dddace,CSO
cs184c3b-92c4-4bda-a6cf-aec221d71117,40008431,1,e2e3a60b-ea32-4d8c-8aff-048864dddace,CSO
cs184c3b-92c4-4bda-a6cf-aec221d71118,40008430,1,e2e3a60b-ea32-4d8c-8aff-048864dddace,CSO
cs184c3b-92c4-4bda-a6cf-aec221d71119,40008980,1,e2e3a60b-ea32-4d8c-8aff-048864dddace,CSO
cs184c3b-92c4-4bda-a6cf-aec221d71120,40008981,1,e2e3a60b-ea32-4d8c-8aff-048864dddace,CSO
cs184c3b-92c4-4bda-a6cf-aec221d71121,40008982,1,e2e3a60b-ea32-4d8c-8aff-048864dddace,CSO
cs184c3b-92c4-4bda-a6cf-aec221d71122,40001247,1,e2e3a60b-ea32-4d8c-8aff-048864dddace,CSO
cs184c3b-92c4-4bda-a6cf-aec221d71123,40001249,1,e2e3a60b-ea32-4d8c-8aff-048864dddace,CSO
cs184c3b-92c4-4bda-a6cf-aec221d71124,40006094,1,e2e3a60b-ea32-4d8c-8aff-048864dddace,CSO
cs184c3b-92c4-4bda-a6cf-aec221d71125,40005990,1,e2e3a60b-ea32-4d8c-8aff-048864dddace,CSO
cs184c3b-92c4-4bda-a6cf-aec221d71126,40008361,1,e2e3a60b-ea32-4d8c-8aff-048864dddace,CSO
cs184c3b-92c4-4bda-a6cf-aec221d71127,40000326,1,e2e3a60b-ea32-4d8c-8aff-048864dddace,CSO
cs184c3b-92c4-4bda-a6cf-aec221d71128,40005991,1,e2e3a60b-ea32-4d8c-8aff-048864dddace,CSO
cs184c3b-92c4-4bda-a6cf-aec221d71129,40005991,1,e2e3a60b-ea32-4d8c-8aff-048864dddace,CSO
cs184c3b-92c4-4bda-a6cf-aec221d71130,40000328,1,e2e3a60b-ea32-4d8c-8aff-048864dddace,CSO
cs184c3b-92c4-4bda-a6cf-aec221d71131,40006091,1,e2e3a60b-ea32-4d8c-8aff-048864dddace,CSO
cs184c3b-92c4-4bda-a6cf-aec221d71132,40000717,1,e2e3a60b-ea32-4d8c-8aff-048864dddace,CSO
cs184c3b-92c4-4bda-a6cf-aec221d71133,40000719,1,e2e3a60b-ea32-4d8c-8aff-048864dddace,CSO
cs184c3b-92c4-4bda-a6cf-aec221d71134,40003338,1,e2e3a60b-ea32-4d8c-8aff-048864dddace,CSO
cs184c3b-92c4-4bda-a6cf-aec221d71135,40003339,1,e2e3a60b-ea32-4d8c-8aff-048864dddace,CSO
cs184c3b-92c4-4bda-a6cf-aec221d71136,40003341,1,e2e3a60b-ea32-4d8c-8aff-048864dddace,CSO
cs184c3b-92c4-4bda-a6cf-aec221d71137,40003342,1,e2e3a60b-ea32-4d8c-8aff-048864dddace,CSO
cs184c3b-92c4-4bda-a6cf-aec221d71138,40008426,1,e2e3a60b-ea32-4d8c-8aff-048864dddace,CSO
cs184c3b-92c4-4bda-a6cf-aec221d71139,40008910,1,e2e3a60b-ea32-4d8c-8aff-048864dddace,CSO
cs184c3b-92c4-4bda-a6cf-aec221d71140,40008911,1,e2e3a60b-ea32-4d8c-8aff-048864dddace,CSO
cs184c3b-92c4-4bda-a6cf-aec221d71141,40008940,1,e2e3a60b-ea32-4d8c-8aff-048864dddace,CSO
cs184c3b-92c4-4bda-a6cf-aec221d71142,40008912,1,e2e3a60b-ea32-4d8c-8aff-048864dddace,CSO
cs184c3b-92c4-4bda-a6cf-aec221d71143,40008432,1,e2e3a60b-ea32-4d8c-8aff-048864dddace,CSO
cs184c3b-92c4-4bda-a6cf-aec221d71144,40008431,1,e2e3a60b-ea32-4d8c-8aff-048864dddace,CSO
cs184c3b-92c4-4bda-a6cf-aec221d71145,40008430,1,e2e3a60b-ea32-4d8c-8aff-048864dddace,CSO
cs184c3b-92c4-4bda-a6cf-aec221d71146,40008980,1,e2e3a60b-ea32-4d8c-8aff-048864dddace,CSO
cs184c3b-92c4-4bda-a6cf-aec221d71147,40008981,1,e2e3a60b-ea32-4d8c-8aff-048864dddace,CSO
cs184c3b-92c4-4bda-a6cf-aec221d71148,40008982,1,e2e3a60b-ea32-4d8c-8aff-048864dddace,CSO
cs184c3b-92c4-4bda-a6cf-aec221d71149,40006848,1,e2e3a60b-ea32-4d8c-8aff-048864dddace,CSO
cs184c3b-92c4-4bda-a6cf-aec221d71150,40006850,1,e2e3a60b-ea32-4d8c-8aff-048864dddace,CSO
cs184c3b-92c4-4bda-a6cf-aec221d71151,40006854,1,e2e3a60b-ea32-4d8c-8aff-048864dddace,CSO
cs184c3b-92c4-4bda-a6cf-aec221d71152,40006856,1,e2e3a60b-ea32-4d8c-8aff-048864dddace,CSO
cs184c3b-92c4-4bda-a6cf-aec221d71153,40007632,1,e2e3a60b-ea32-4d8c-8aff-048864dddace,CSO
cs184c3b-92c4-4bda-a6cf-aec221d71154,40007633,1,e2e3a60b-ea32-4d8c-8aff-048864dddace,CSO
cs184c3b-92c4-4bda-a6cf-aec221d71155,40007881,1,e2e3a60b-ea32-4d8c-8aff-048864dddace,CSO
cs184c3b-92c4-4bda-a6cf-aec221d71156,40007882,1,e2e3a60b-ea32-4d8c-8aff-048864dddace,CSO
cs184c3b-92c4-4bda-a6cf-aec221d71157,40006848,1,e2e3a60b-ea32-4d8c-8aff-048864dddace,CSO
cs184c3b-92c4-4bda-a6cf-aec221d71158,40006849,1,e2e3a60b-ea32-4d8c-8aff-048864dddace,CSO
cs184c3b-92c4-4bda-a6cf-aec221d71159,40006850,1,e2e3a60b-ea32-4d8c-8aff-048864dddace,CSO
cs184c3b-92c4-4bda-a6cf-aec221d71160,40006855,1,e2e3a60b-ea32-4d8c-8aff-048864dddace,CSO
cs184c3b-92c4-4bda-a6cf-aec221d71161,40007632,1,e2e3a60b-ea32-4d8c-8aff-048864dddace,CSO
cs184c3b-92c4-4bda-a6cf-aec221d71162,40006848,1,e2e3a60b-ea32-4d8c-8aff-048864dddace,CSO
cs184c3b-92c4-4bda-a6cf-aec221d71163,40006850,1,e2e3a60b-ea32-4d8c-8aff-048864dddace,CSO
cs184c3b-92c4-4bda-a6cf-aec221d71164,40006854,1,e2e3a60b-ea32-4d8c-8aff-048864dddace,CSO
cs184c3b-92c4-4bda-a6cf-aec221d71165,40006856,1,e2e3a60b-ea32-4d8c-8aff-048864dddace,CSO
cs184c3b-92c4-4bda-a6cf-aec221d71166,40007632,1,e2e3a60b-ea32-4d8c-8aff-048864dddace,CSO
cs184c3b-92c4-4bda-a6cf-aec221d71167,40007633,1,e2e3a60b-ea32-4d8c-8aff-048864dddace,CSO
cs184c3b-92c4-4bda-a6cf-aec221d71168,40007881,1,e2e3a60b-ea32-4d8c-8aff-048864dddace,CSO
cs184c3b-92c4-4bda-a6cf-aec221d71169,40007882,1,e2e3a60b-ea32-4d8c-8aff-048864dddace,CSO
cs184c3b-92c4-4bda-a6cf-aec221d71170,40006848,1,e2e3a60b-ea32-4d8c-8aff-048864dddace,CSO
cs184c3b-92c4-4bda-a6cf-aec221d71171,40006849,1,e2e3a60b-ea32-4d8c-8aff-048864dddace,CSO
cs184c3b-92c4-4bda-a6cf-aec221d71172,40006850,1,e2e3a60b-ea32-4d8c-8aff-048864dddace,CSO
cs184c3b-92c4-4bda-a6cf-aec221d71173,40006855,1,e2e3a60b-ea32-4d8c-8aff-048864dddace,CSO
cs184c3b-92c4-4bda-a6cf-aec221d71174,40007632,1,e2e3a60b-ea32-4d8c-8aff-048864dddace,CSO
cs184c3b-92c4-4bda-a6cf-aec221d71175,40007969,1,e2e3a60b-ea32-4d8c-8aff-048864dddace,CSO
cs184c3b-92c4-4bda-a6cf-aec221d71176,40008790,1,e2e3a60b-ea32-4d8c-8aff-048864dddace,CSO
cs184c3b-92c4-4bda-a6cf-aec221d71177,40008136,1,e2e3a60b-ea32-4d8c-8aff-048864dddace,CSO
cs184c3b-92c4-4bda-a6cf-aec221d71178,40007969,1,e2e3a60b-ea32-4d8c-8aff-048864dddace,CSO
cs184c3b-92c4-4bda-a6cf-aec221d71179,40008790,1,e2e3a60b-ea32-4d8c-8aff-048864dddace,CSO
cs184c3b-92c4-4bda-a6cf-aec221d71180,40008136,1,e2e3a60b-ea32-4d8c-8aff-048864dddace,CSO
cs184c3b-92c4-4bda-a6cf-aec221d71181,40007239,1,e2e3a60b-ea32-4d8c-8aff-048864dddace,CSO
cs184c3b-92c4-4bda-a6cf-aec221d71182,40007239,1,e2e3a60b-ea32-4d8c-8aff-048864dddace,CSO
cs184c3b-92c4-4bda-a6cf-aec221d71183,40007240,1,e2e3a60b-ea32-4d8c-8aff-048864dddace,CSO
cs184c3b-92c4-4bda-a6cf-aec221d71184,40007239,1,e2e3a60b-ea32-4d8c-8aff-048864dddace,CSO
cs184c3b-92c4-4bda-a6cf-aec221d71185,40007239,1,e2e3a60b-ea32-4d8c-8aff-048864dddace,CSO
cs184c3b-92c4-4bda-a6cf-aec221d71186,40007240,1,e2e3a60b-ea32-4d8c-8aff-048864dddace,CSO
cs184c3b-92c4-4bda-a6cf-aec221d71187,40004225,1,e2e3a60b-ea32-4d8c-8aff-048864dddace,CSO
cs184c3b-92c4-4bda-a6cf-aec221d71188,40004241,1,e2e3a60b-ea32-4d8c-8aff-048864dddace,CSO
cs184c3b-92c4-4bda-a6cf-aec221d71189,40004281,1,e2e3a60b-ea32-4d8c-8aff-048864dddace,CSO
cs184c3b-92c4-4bda-a6cf-aec221d71190,40004284,1,e2e3a60b-ea32-4d8c-8aff-048864dddace,CSO
cs184c3b-92c4-4bda-a6cf-aec221d71191,40004372,1,e2e3a60b-ea32-4d8c-8aff-048864dddace,CSO
cs184c3b-92c4-4bda-a6cf-aec221d71192,40004381,1,e2e3a60b-ea32-4d8c-8aff-048864dddace,CSO
cs184c3b-92c4-4bda-a6cf-aec221d71193,40004393,1,e2e3a60b-ea32-4d8c-8aff-048864dddace,CSO
cs184c3b-92c4-4bda-a6cf-aec221d71194,40004427,1,e2e3a60b-ea32-4d8c-8aff-048864dddace,CSO
cs184c3b-92c4-4bda-a6cf-aec221d71195,40004446,1,e2e3a60b-ea32-4d8c-8aff-048864dddace,CSO
cs184c3b-92c4-4bda-a6cf-aec221d71196,40004462,1,e2e3a60b-ea32-4d8c-8aff-048864dddace,CSO
cs184c3b-92c4-4bda-a6cf-aec221d71197,40004476,1,e2e3a60b-ea32-4d8c-8aff-048864dddace,CSO
cs184c3b-92c4-4bda-a6cf-aec221d71198,40004550,1,e2e3a60b-ea32-4d8c-8aff-048864dddace,CSO
cs184c3b-92c4-4bda-a6cf-aec221d71199,40004571,1,e2e3a60b-ea32-4d8c-8aff-048864dddace,CSO
cs184c3b-92c4-4bda-a6cf-aec221d71200,40004607,1,e2e3a60b-ea32-4d8c-8aff-048864dddace,CSO
cs184c3b-92c4-4bda-a6cf-aec221d71201,40004609,1,e2e3a60b-ea32-4d8c-8aff-048864dddace,CSO
cs184c3b-92c4-4bda-a6cf-aec221d71202,40004631,1,e2e3a60b-ea32-4d8c-8aff-048864dddace,CSO
cs184c3b-92c4-4bda-a6cf-aec221d71203,40004641,1,e2e3a60b-ea32-4d8c-8aff-048864dddace,CSO
cs184c3b-92c4-4bda-a6cf-aec221d71204,40004661,1,e2e3a60b-ea32-4d8c-8aff-048864dddace,CSO
cs184c3b-92c4-4bda-a6cf-aec221d71205,40005449,1,e2e3a60b-ea32-4d8c-8aff-048864dddace,CSO
cs184c3b-92c4-4bda-a6cf-aec221d71206,40006451,1,e2e3a60b-ea32-4d8c-8aff-048864dddace,CSO
cs184c3b-92c4-4bda-a6cf-aec221d71207,40006490,1,e2e3a60b-ea32-4d8c-8aff-048864dddace,CSO
cs184c3b-92c4-4bda-a6cf-aec221d71208,40007180,1,e2e3a60b-ea32-4d8c-8aff-048864dddace,CSO
cs184c3b-92c4-4bda-a6cf-aec221d71209,40009580,1,e2e3a60b-ea32-4d8c-8aff-048864dddace,CSO
cs184c3b-92c4-4bda-a6cf-aec221d71210,40009939,1,e2e3a60b-ea32-4d8c-8aff-048864dddace,CSO
cs184c3b-92c4-4bda-a6cf-aec221d71211,40004225,1,e2e3a60b-ea32-4d8c-8aff-048864dddace,CSO
cs184c3b-92c4-4bda-a6cf-aec221d71212,40004241,1,e2e3a60b-ea32-4d8c-8aff-048864dddace,CSO
cs184c3b-92c4-4bda-a6cf-aec221d71213,40004281,1,e2e3a60b-ea32-4d8c-8aff-048864dddace,CSO
cs184c3b-92c4-4bda-a6cf-aec221d71214,40004284,1,e2e3a60b-ea32-4d8c-8aff-048864dddace,CSO
cs184c3b-92c4-4bda-a6cf-aec221d71215,40004372,1,e2e3a60b-ea32-4d8c-8aff-048864dddace,CSO
cs184c3b-92c4-4bda-a6cf-aec221d71216,40004381,1,e2e3a60b-ea32-4d8c-8aff-048864dddace,CSO
cs184c3b-92c4-4bda-a6cf-aec221d71217,40004393,1,e2e3a60b-ea32-4d8c-8aff-048864dddace,CSO
cs184c3b-92c4-4bda-a6cf-aec221d71218,40004427,1,e2e3a60b-ea32-4d8c-8aff-048864dddace,CSO
cs184c3b-92c4-4bda-a6cf-aec221d71219,40004446,1,e2e3a60b-ea32-4d8c-8aff-048864dddace,CSO
cs184c3b-92c4-4bda-a6cf-aec221d71220,40004462,1,e2e3a60b-ea32-4d8c-8aff-048864dddace,CSO
cs184c3b-92c4-4bda-a6cf-aec221d71221,40004476,1,e2e3a60b-ea32-4d8c-8aff-048864dddace,CSO
cs184c3b-92c4-4bda-a6cf-aec221d71222,40004550,1,e2e3a60b-ea32-4d8c-8aff-048864dddace,CSO
cs184c3b-92c4-4bda-a6cf-aec221d71223,40004571,1,e2e3a60b-ea32-4d8c-8aff-048864dddace,CSO
cs184c3b-92c4-4bda-a6cf-aec221d71224,40004607,1,e2e3a60b-ea32-4d8c-8aff-048864dddace,CSO
cs184c3b-92c4-4bda-a6cf-aec221d71225,40004609,1,e2e3a60b-ea32-4d8c-8aff-048864dddace,CSO
cs184c3b-92c4-4bda-a6cf-aec221d71226,40004631,1,e2e3a60b-ea32-4d8c-8aff-048864dddace,CSO
cs184c3b-92c4-4bda-a6cf-aec221d71227,40004641,1,e2e3a60b-ea32-4d8c-8aff-048864dddace,CSO
cs184c3b-92c4-4bda-a6cf-aec221d71228,40004661,1,e2e3a60b-ea32-4d8c-8aff-048864dddace,CSO
cs184c3b-92c4-4bda-a6cf-aec221d71229,40005449,1,e2e3a60b-ea32-4d8c-8aff-048864dddace,CSO
cs184c3b-92c4-4bda-a6cf-aec221d71230,40006451,1,e2e3a60b-ea32-4d8c-8aff-048864dddace,CSO
cs184c3b-92c4-4bda-a6cf-aec221d71231,40006490,1,e2e3a60b-ea32-4d8c-8aff-048864dddace,CSO
cs184c3b-92c4-4bda-a6cf-aec221d71232,40007180,1,e2e3a60b-ea32-4d8c-8aff-048864dddace,CSO
cs184c3b-92c4-4bda-a6cf-aec221d71233,40009580,1,e2e3a60b-ea32-4d8c-8aff-048864dddace,CSO
cs184c3b-92c4-4bda-a6cf-aec221d71234,40009939,1,e2e3a60b-ea32-4d8c-8aff-048864dddace,CSO
cs184c3b-92c4-4bda-a6cf-aec221d71235,40001219,1,e2e3a60b-ea32-4d8c-8aff-048864dddace,CSO
cs184c3b-92c4-4bda-a6cf-aec221d71236,40003235,1,e2e3a60b-ea32-4d8c-8aff-048864dddace,CSO
cs184c3b-92c4-4bda-a6cf-aec221d71237,40004973,1,e2e3a60b-ea32-4d8c-8aff-048864dddace,CSO
cs184c3b-92c4-4bda-a6cf-aec221d71238,40006738,1,e2e3a60b-ea32-4d8c-8aff-048864dddace,CSO
cs184c3b-92c4-4bda-a6cf-aec221d71239,40007980,1,e2e3a60b-ea32-4d8c-8aff-048864dddace,CSO
cs184c3b-92c4-4bda-a6cf-aec221d71240,40006039,1,e2e3a60b-ea32-4d8c-8aff-048864dddace,CSO
cs184c3b-92c4-4bda-a6cf-aec221d71241,40006040,1,e2e3a60b-ea32-4d8c-8aff-048864dddace,CSO
cs184c3b-92c4-4bda-a6cf-aec221d71242,40007268,1,e2e3a60b-ea32-4d8c-8aff-048864dddace,CSO
cs184c3b-92c4-4bda-a6cf-aec221d71243,40001219,1,e2e3a60b-ea32-4d8c-8aff-048864dddace,CSO
cs184c3b-92c4-4bda-a6cf-aec221d71244,40003235,1,e2e3a60b-ea32-4d8c-8aff-048864dddace,CSO
cs184c3b-92c4-4bda-a6cf-aec221d71245,40004973,1,e2e3a60b-ea32-4d8c-8aff-048864dddace,CSO
cs184c3b-92c4-4bda-a6cf-aec221d71246,40006738,1,e2e3a60b-ea32-4d8c-8aff-048864dddace,CSO
cs184c3b-92c4-4bda-a6cf-aec221d71247,40007980,1,e2e3a60b-ea32-4d8c-8aff-048864dddace,CSO
cs184c3b-92c4-4bda-a6cf-aec221d71248,40006039,1,e2e3a60b-ea32-4d8c-8aff-048864dddace,CSO
cs184c3b-92c4-4bda-a6cf-aec221d71249,40006040,1,e2e3a60b-ea32-4d8c-8aff-048864dddace,CSO
cs184c3b-92c4-4bda-a6cf-aec221d71250,40007268,1,e2e3a60b-ea32-4d8c-8aff-048864dddace,CSO
cs184c3b-92c4-4bda-a6cf-aec221d71251,40001400,1,e2e3a60b-ea32-4d8c-8aff-048864dddace,CSO
cs184c3b-92c4-4bda-a6cf-aec221d71252,40005013,1,e2e3a60b-ea32-4d8c-8aff-048864dddace,CSO
cs184c3b-92c4-4bda-a6cf-aec221d71253,40000348,1,e2e3a60b-ea32-4d8c-8aff-048864dddace,CSO
cs184c3b-92c4-4bda-a6cf-aec221d71254,40001400,1,e2e3a60b-ea32-4d8c-8aff-048864dddace,CSO
cs184c3b-92c4-4bda-a6cf-aec221d71255,40005013,1,e2e3a60b-ea32-4d8c-8aff-048864dddace,CSO
cs184c3b-92c4-4bda-a6cf-aec221d71256,40000348,1,e2e3a60b-ea32-4d8c-8aff-048864dddace,CSO
cs184c3b-92c4-4bda-a6cf-aec221d71257,40001265,1,e2e3a60b-ea32-4d8c-8aff-048864dddace,CSO
cs184c3b-92c4-4bda-a6cf-aec221d71258,40001265,1,e2e3a60b-ea32-4d8c-8aff-048864dddace,CSO
cs184c3b-92c4-4bda-a6cf-aec221d71259,40000367,1,e2e3a60b-ea32-4d8c-8aff-048864dddace,CSO
cs184c3b-92c4-4bda-a6cf-aec221d71260,40000367,1,e2e3a60b-ea32-4d8c-8aff-048864dddace,CSO
cs184c3b-92c4-4bda-a6cf-aec221d71261,40000768,1,e2e3a60b-ea32-4d8c-8aff-048864dddace,CSO
cs184c3b-92c4-4bda-a6cf-aec221d71262,40000768,1,e2e3a60b-ea32-4d8c-8aff-048864dddace,CSO
cs184c3b-92c4-4bda-a6cf-aec221d71263,40003005,1,e2e3a60b-ea32-4d8c-8aff-048864dddace,CSO
cs184c3b-92c4-4bda-a6cf-aec221d71264,40003005,1,e2e3a60b-ea32-4d8c-8aff-048864dddace,CSO
cs184c3b-92c4-4bda-a6cf-aec221d71265,40003173,1,e2e3a60b-ea32-4d8c-8aff-048864dddace,CSO
cs184c3b-92c4-4bda-a6cf-aec221d71266,40003173,1,e2e3a60b-ea32-4d8c-8aff-048864dddace,CSO
cs184c3b-92c4-4bda-a6cf-aec221d71267,40002432,1,e2e3a60b-ea32-4d8c-8aff-048864dddace,CSO
cs184c3b-92c4-4bda-a6cf-aec221d71268,40002432,1,e2e3a60b-ea32-4d8c-8aff-048864dddace,CSO
cs184c3b-92c4-4bda-a6cf-aec221d71269,40005538,1,e2e3a60b-ea32-4d8c-8aff-048864dddace,CSO
cs184c3b-92c4-4bda-a6cf-aec221d71270,40005539,1,e2e3a60b-ea32-4d8c-8aff-048864dddace,CSO
cs184c3b-92c4-4bda-a6cf-aec221d71271,40005538,1,e2e3a60b-ea32-4d8c-8aff-048864dddace,CSO
cs184c3b-92c4-4bda-a6cf-aec221d71272,40005539,1,e2e3a60b-ea32-4d8c-8aff-048864dddace,CSO
cs184c3b-92c4-4bda-a6cf-aec221d71273,40001247,1,e2e3a60b-ea32-4d8c-8aff-048864dddace,CSO
cs184c3b-92c4-4bda-a6cf-aec221d71274,40001249,1,e2e3a60b-ea32-4d8c-8aff-048864dddace,CSO
cs184c3b-92c4-4bda-a6cf-aec221d71275,40006094,1,e2e3a60b-ea32-4d8c-8aff-048864dddace,CSO
cs184c3b-92c4-4bda-a6cf-aec221d71276,40010047,1,e2e3a60b-ea32-4d8c-8aff-048864dddace,CSO
cs184c3b-92c4-4bda-a6cf-aec221d71277,40010169,1,e2e3a60b-ea32-4d8c-8aff-048864dddace,CSO
cs184c3b-92c4-4bda-a6cf-aec221d71278,40010168,1,e2e3a60b-ea32-4d8c-8aff-048864dddace,CSO
cs184c3b-92c4-4bda-a6cf-aec221d71279,40010161,1,e2e3a60b-ea32-4d8c-8aff-048864dddace,CSO
cs184c3b-92c4-4bda-a6cf-aec221d71280,40010162,1,e2e3a60b-ea32-4d8c-8aff-048864dddace,CSO
cs184c3b-92c4-4bda-a6cf-aec221d71281,40010185,1,e2e3a60b-ea32-4d8c-8aff-048864dddace,CSO
cs184c3b-92c4-4bda-a6cf-aec221d71282,40010169,1,e2e3a60b-ea32-4d8c-8aff-048864dddace,CSO
cs184c3b-92c4-4bda-a6cf-aec221d71283,40010168,1,e2e3a60b-ea32-4d8c-8aff-048864dddace,CSO
cs184c3b-92c4-4bda-a6cf-aec221d71284,40010161,1,e2e3a60b-ea32-4d8c-8aff-048864dddace,CSO
cs184c3b-92c4-4bda-a6cf-aec221d71285,40010162,1,e2e3a60b-ea32-4d8c-8aff-048864dddace,CSO
cs184c3b-92c4-4bda-a6cf-aec221d71286,40010185,1,e2e3a60b-ea32-4d8c-8aff-048864dddace,CSO
cs184c3b-92c4-4bda-a6cf-aec221d71287,40010186,1,e2e3a60b-ea32-4d8c-8aff-048864dddace,CSO
cs184c3b-92c4-4bda-a6cf-aec221d71288,40010186,1,e2e3a60b-ea32-4d8c-8aff-048864dddace,CSO
cs184c3b-92c4-4bda-a6cf-aec221d71289,40003083,2,e2e3a60b-ea32-4d8c-8aff-048864dddace,CSO
cs184c3b-92c4-4bda-a6cf-aec221d71290,40005862,2,e2e3a60b-ea32-4d8c-8aff-048864dddace,CSO
cs184c3b-92c4-4bda-a6cf-aec221d71291,40006406,2,e2e3a60b-ea32-4d8c-8aff-048864dddace,CSO